"Symbol","Series","Date","Prev Close","Open Price","High Price","Low Price","Last Price","Close Price","Average Price","Total Traded Quantity","Turnover","No. of Trades","Deliverable Qty","% Dly Qt to Traded Qty"
"SBILIFE","EQ","16-Oct-2019","        838.05","        836.50","        892.50","        832.00","        880.00","        877.35","        875.58","    3634345","          3182157016.65","     141694","    2054502","         56.53"
"SBILIFE","EQ","17-Oct-2019","        877.35","        880.00","        928.50","        880.00","        903.60","        902.90","        912.29","    3687636","          3364181618.15","     167446","    2023233","         54.87"
"SBILIFE","EQ","18-Oct-2019","        902.90","        905.80","        930.00","        899.00","        927.10","        925.95","        914.71","    1819540","          1664358720.95","     123937","     973254","         53.49"
"SBILIFE","EQ","22-Oct-2019","        925.95","        929.20","        997.50","        929.20","        989.90","        989.15","        969.48","    2040975","          1978679357.60","     100090","     930628","         45.60"
"SBILIFE","EQ","23-Oct-2019","        989.15","        994.00","       1012.30","        970.15","        984.00","        985.95","        992.03","    1357514","          1346694223.95","      96939","     531826","         39.18"
"SBILIFE","EQ","24-Oct-2019","        985.95","        991.40","        993.95","        954.65","        969.00","        969.65","        974.42","     982596","           957458560.90","      60352","     518152","         52.73"
"SBILIFE","EQ","25-Oct-2019","        969.65","        974.00","       1000.00","        965.25","        979.95","        982.15","        985.72","     975234","           961308801.55","      60895","     492563","         50.51"
"SBILIFE","EQ","27-Oct-2019","        982.15","        990.00","        999.00","        977.15","        998.00","        993.95","        990.83","     150916","           149532612.35","       7303","      61052","         40.45"
"SBILIFE","EQ","29-Oct-2019","        993.95","        998.50","       1020.00","        981.00","       1018.00","       1014.35","       1004.59","     880342","           884384202.50","      61519","     377894","         42.93"
"SBILIFE","EQ","30-Oct-2019","       1014.35","       1016.00","       1030.00","        976.10","       1000.50","        999.80","        983.15","    7610404","          7482167453.90","      99552","    6298736","         82.76"
"SBILIFE","EQ","31-Oct-2019","        999.80","       1006.00","       1013.30","        987.00","        993.30","        991.50","        997.76","     849468","           847563918.05","      59507","     448252","         52.77"
"SBILIFE","EQ","01-Nov-2019","        991.50","        993.30","       1009.00","        993.30","        996.45","        997.50","       1001.01","     655253","           655916776.45","      60723","     422767","         64.52"
"SBILIFE","EQ","04-Nov-2019","        997.50","       1003.00","       1003.10","        989.70","       1002.00","        998.70","        997.25","     875743","           873334763.45","      65648","     653279","         74.60"
"SBILIFE","EQ","05-Nov-2019","        998.70","       1000.00","       1003.00","        966.10","        969.65","        969.80","        981.52","    1230007","          1207276881.65","     103509","     909335","         73.93"
"SBILIFE","EQ","06-Nov-2019","        969.80","        974.45","        980.00","        941.55","        969.00","        968.95","        960.82","    1420970","          1365299038.90","      85551","     701110","         49.34"
"SBILIFE","EQ","07-Nov-2019","        968.95","        973.40","        991.00","        968.20","        987.70","        986.45","        982.54","    1351432","          1327834530.15","      71426","     813911","         60.23"
"SBILIFE","EQ","08-Nov-2019","        986.45","       1006.00","       1022.00","        976.50","        983.50","        982.20","        994.56","    5656687","          5625922773.00","     277773","    3283140","         58.04"
"SBILIFE","EQ","11-Nov-2019","        982.20","        982.00","        982.00","        968.45","        970.25","        969.95","        972.94","    2078020","          2021792186.70","     164757","    1784944","         85.90"
"SBILIFE","EQ","13-Nov-2019","        969.95","        984.50","       1000.95","        966.20","        992.90","        988.15","        982.97","    4039409","          3970602181.75","     169687","    2375317","         58.80"
"SBILIFE","EQ","14-Nov-2019","        988.15","        999.00","       1013.00","        984.90","       1004.00","        999.90","        997.74","    3441700","          3433927748.90","     134100","    2378036","         69.09"
"SBILIFE","EQ","15-Nov-2019","        999.90","       1008.20","       1026.00","        995.45","       1002.80","       1002.85","       1009.46","    2687762","          2713176456.65","     171721","    1854274","         68.99"
"SBILIFE","EQ","18-Nov-2019","       1002.85","       1004.90","       1013.00","        996.00","        999.00","       1000.05","       1004.89","    2144563","          2155044817.05","     133424","    1432362","         66.79"
"SBILIFE","EQ","19-Nov-2019","       1000.05","        954.95","        970.00","        930.00","        936.95","        936.55","        941.58","   60449782","         56918057098.50","     397790","   30981721","         51.25"
"SBILIFE","EQ","20-Nov-2019","        936.55","        940.00","        948.70","        936.10","        938.65","        939.70","        942.72","    2976893","          2806381095.90","      95009","    1422879","         47.80"
"SBILIFE","EQ","21-Nov-2019","        939.70","        942.45","        945.45","        916.00","        929.95","        929.60","        932.82","    2642185","          2464691249.95","      85734","    1506667","         57.02"
"SBILIFE","EQ","22-Nov-2019","        929.60","        931.00","        945.75","        931.00","        943.90","        942.65","        939.10","    3125980","          2935615544.85","     121081","    2151841","         68.84"
"SBILIFE","EQ","25-Nov-2019","        942.65","        943.50","        954.40","        943.50","        949.15","        951.60","        949.99","    3604001","          3423778274.60","     224120","    2707483","         75.12"
"SBILIFE","EQ","26-Nov-2019","        951.60","        957.40","        977.95","        937.85","        961.10","        958.95","        957.57","   43473998","         41629424060.75","     368973","   35201037","         80.97"
"SBILIFE","EQ","27-Nov-2019","        958.95","        964.00","        965.20","        943.20","        946.10","        948.20","        949.74","    1542111","          1464606956.70","     118504","     800877","         51.93"
"SBILIFE","EQ","28-Nov-2019","        948.20","        953.85","        972.70","        948.20","        970.15","        971.15","        964.46","    1885171","          1818180543.30","      81757","    1176791","         62.42"
"SBILIFE","EQ","29-Nov-2019","        971.15","        970.00","        970.00","        955.05","        959.25","        960.05","        961.21","    1071258","          1029702175.90","      71325","     711989","         66.46"
"SBILIFE","EQ","02-Dec-2019","        960.05","        959.15","        959.15","        938.30","        944.00","        943.85","        947.21","     643539","           609568487.85","      54821","     393257","         61.11"
"SBILIFE","EQ","03-Dec-2019","        943.85","        946.10","        966.00","        946.10","        962.00","        963.40","        957.61","    1612054","          1543713511.75","      84934","    1171925","         72.70"
"SBILIFE","EQ","04-Dec-2019","        963.40","        962.80","        975.00","        960.05","        969.70","        972.25","        970.37","    1122303","          1089043701.10","      43432","     689024","         61.39"
"SBILIFE","EQ","05-Dec-2019","        972.25","        969.00","        974.50","        955.00","        969.95","        966.40","        964.88","     814043","           785455737.35","      35649","     515468","         63.32"
"SBILIFE","EQ","06-Dec-2019","        966.40","        971.00","        974.00","        945.20","        963.00","        964.20","        958.54","    1235405","          1184181657.10","      67858","     736378","         59.61"
"SBILIFE","EQ","09-Dec-2019","        964.20","        964.80","        964.80","        938.40","        944.40","        942.00","        950.69","     861577","           819090829.50","      44024","     537282","         62.36"
"SBILIFE","EQ","10-Dec-2019","        942.00","        950.00","        968.00","        947.00","        949.10","        949.85","        955.71","    1610114","          1538796948.25","      70175","    1012884","         62.91"
"SBILIFE","EQ","11-Dec-2019","        949.85","        950.00","        971.95","        924.50","        968.00","        966.55","        951.56","    1616587","          1538273195.50","      86753","    1052212","         65.09"
"SBILIFE","EQ","12-Dec-2019","        966.55","        971.00","        971.00","        955.65","        959.25","        960.40","        960.91","     862822","           829094033.65","      53713","     619737","         71.83"
"SBILIFE","EQ","13-Dec-2019","        960.40","        964.90","        982.70","        963.25","        974.90","        974.90","        976.43","    1119572","          1093188987.55","      50600","     703154","         62.81"
"SBILIFE","EQ","16-Dec-2019","        974.90","        973.80","        979.80","        963.90","        968.90","        969.55","        970.76","     526157","           510773228.90","      47038","     361954","         68.79"
"SBILIFE","EQ","17-Dec-2019","        969.55","        975.00","        978.45","        968.00","        970.50","        972.55","        972.58","     822269","           799722247.90","      59389","     630840","         76.72"
"SBILIFE","EQ","18-Dec-2019","        972.55","        975.00","        976.60","        959.00","        965.00","        964.75","        964.86","     628845","           606747907.35","      29735","     446057","         70.93"
"SBILIFE","EQ","19-Dec-2019","        964.75","        968.60","        975.05","        965.45","        968.05","        969.75","        969.84","     906299","           878969164.35","      37800","     680186","         75.05"
"SBILIFE","EQ","20-Dec-2019","        969.75","        972.00","       1008.05","        972.00","       1005.60","        992.75","        991.77","   10219499","         10135360537.55","      77641","    7306173","         71.49"
"SBILIFE","EQ","23-Dec-2019","        992.75","       1002.00","       1011.70","        987.55","        997.00","        996.80","       1002.11","    1347986","          1350834898.15","      36322","    1008522","         74.82"
"SBILIFE","EQ","24-Dec-2019","        996.80","        998.00","        999.90","        985.00","        999.20","        994.75","        990.81","     716972","           710382706.60","      27208","     449340","         62.67"
"SBILIFE","EQ","26-Dec-2019","        994.75","        998.25","        999.70","        988.10","        990.55","        991.00","        993.74","     335933","           333831615.15","      22160","     150054","         44.67"
"SBILIFE","EQ","27-Dec-2019","        991.00","        988.00","        991.50","        977.55","        988.10","        988.65","        983.66","     438117","           430956857.30","      26039","     215264","         49.13"
"SBILIFE","EQ","30-Dec-2019","        988.65","        988.90","        991.45","        972.80","        975.80","        976.35","        977.80","     390678","           382006669.45","      26321","     227452","         58.22"
"SBILIFE","EQ","31-Dec-2019","        976.35","        976.00","        980.00","        958.15","        961.10","        961.60","        969.08","     403539","           391060922.50","      26963","     246426","         61.07"
"SBILIFE","EQ","01-Jan-2020","        961.60","        965.00","        980.00","        961.60","        975.75","        976.40","        971.17","     349251","           339182868.25","      12529","     143439","         41.07"
"SBILIFE","EQ","02-Jan-2020","        976.40","        975.70","        975.70","        966.00","        969.75","        969.35","        969.21","     335765","           325426941.10","      19727","     211012","         62.85"
"SBILIFE","EQ","03-Jan-2020","        969.35","        970.00","        982.80","        969.00","        975.10","        975.10","        975.03","     451217","           439949256.00","      30280","     274008","         60.73"
"SBILIFE","EQ","06-Jan-2020","        975.10","        966.10","       1003.10","        958.00","        985.00","        983.10","        982.87","     895840","           880489910.60","      47128","     457122","         51.03"
"SBILIFE","EQ","07-Jan-2020","        983.10","        990.00","       1003.00","        980.00","        984.95","        984.90","        990.02","     570304","           564614253.35","      41261","     351822","         61.69"
"SBILIFE","EQ","08-Jan-2020","        984.90","        978.00","        992.30","        975.20","        986.00","        987.75","        984.01","     368547","           362654735.00","      30370","     225954","         61.31"
"SBILIFE","EQ","09-Jan-2020","        987.75","        996.80","        998.00","        979.75","        989.00","        988.50","        988.93","     614382","           607578876.75","      38413","     399816","         65.08"
"SBILIFE","EQ","10-Jan-2020","        988.50","        989.00","        997.00","        983.30","        987.40","        989.00","        989.79","     351231","           347644375.05","      21548","     244535","         69.62"
"SBILIFE","EQ","13-Jan-2020","        989.00","        993.00","        997.95","        980.00","        989.80","        989.85","        988.07","     332236","           328273697.55","      22764","     176541","         53.14"
"SBILIFE","EQ","14-Jan-2020","        989.85","        993.00","        994.00","        984.00","        989.00","        987.80","        988.77","     369532","           365382556.05","      34353","     274530","         74.29"
"SBILIFE","EQ","15-Jan-2020","        987.80","        988.00","       1002.00","        981.00","        998.00","        998.15","        993.05","     533340","           529630813.80","      26025","     380132","         71.27"
"SBILIFE","EQ","16-Jan-2020","        998.15","       1000.00","       1003.00","        992.00","       1000.00","        999.90","        998.87","     465355","           464828878.65","      34429","     331661","         71.27"
"SBILIFE","EQ","17-Jan-2020","        999.90","        999.80","       1009.80","        985.25","        993.10","        996.35","        995.75","     372188","           370607578.75","      25450","     221837","         59.60"
"SBILIFE","EQ","20-Jan-2020","        996.35","       1000.00","       1001.00","        975.50","        980.00","        981.50","        986.71","     341082","           336550081.50","      27166","     236758","         69.41"
"SBILIFE","EQ","21-Jan-2020","        981.50","        980.00","        987.00","        970.20","        972.75","        972.75","        974.27","     355550","           346401810.00","      35107","     234617","         65.99"
"SBILIFE","EQ","22-Jan-2020","        972.75","        980.00","        992.60","        972.00","        980.00","        981.70","        982.82","    1299987","          1277659342.25","      51797","     660495","         50.81"
"SBILIFE","EQ","23-Jan-2020","        981.70","        985.40","       1004.00","        980.20","        986.50","        985.95","        990.81","    1151390","          1140808725.00","      36265","     735138","         63.85"
"SBILIFE","EQ","24-Jan-2020","        985.95","        986.00","       1020.00","        977.00","        999.50","        999.80","       1000.36","    1388247","          1388742107.55","      55074","     662190","         47.70"
"SBILIFE","EQ","27-Jan-2020","        999.80","        999.80","       1014.70","        987.35","        991.00","        992.15","       1002.88","     740311","           742441612.50","      25400","     393915","         53.21"
"SBILIFE","EQ","28-Jan-2020","        992.15","        993.00","       1007.00","        975.75","        985.00","        987.85","        996.14","     578382","           576150886.50","      36769","     354377","         61.27"
"SBILIFE","EQ","29-Jan-2020","        987.85","        992.00","       1012.15","        988.00","       1012.00","       1007.80","       1001.99","     538017","           539087689.25","      36392","     280155","         52.07"
"SBILIFE","EQ","30-Jan-2020","       1007.80","       1014.00","       1017.00","        989.30","        999.75","        998.25","       1004.16","     561770","           564104588.55","      33220","     297852","         53.02"
"SBILIFE","EQ","31-Jan-2020","        998.25","       1005.00","       1006.00","        983.15","        993.55","        994.10","        995.65","     445170","           443233325.70","      25488","     261179","         58.67"
"SBILIFE","EQ","01-Feb-2020","        994.10","        998.00","       1012.90","        885.00","        920.60","        893.10","        913.85","    4433306","          4051360251.35","     122256","    2197335","         49.56"
"SBILIFE","EQ","03-Feb-2020","        893.10","        895.00","        921.85","        856.65","        910.10","        912.65","        896.59","    4046967","          3628490169.60","     116130","    1997535","         49.36"
"SBILIFE","EQ","04-Feb-2020","        912.65","        912.00","        922.90","        896.00","        911.90","        911.60","        909.35","    2004591","          1822876523.70","     104526","    1293301","         64.52"
"SBILIFE","EQ","05-Feb-2020","        911.60","        913.60","        915.80","        898.50","        911.85","        910.55","        906.77","    1337410","          1212722088.80","      87980","     898894","         67.21"
"SBILIFE","EQ","06-Feb-2020","        910.55","        916.10","        925.00","        912.05","        920.00","        919.50","        918.17","    1185756","          1088726070.70","      38072","     788223","         66.47"
"SBILIFE","EQ","07-Feb-2020","        919.50","        920.00","        955.45","        915.55","        948.30","        947.30","        935.97","    1642253","          1537101471.55","      46721","    1009492","         61.47"
"SBILIFE","EQ","10-Feb-2020","        947.30","        952.00","        956.25","        938.00","        953.10","        952.80","        946.94","     734151","           695197741.05","      21372","     494885","         67.41"
"SBILIFE","EQ","11-Feb-2020","        952.80","        960.45","        960.45","        935.80","        939.00","        939.75","        943.27","     584552","           551391926.15","      38074","     385256","         65.91"
"SBILIFE","EQ","12-Feb-2020","        939.75","        944.75","        948.80","        925.00","        936.00","        932.85","        933.97","     925589","           864467862.35","      32478","     697082","         75.31"
"SBILIFE","EQ","13-Feb-2020","        932.85","        937.00","        937.00","        916.00","        927.10","        927.55","        923.69","     551572","           509482702.20","      63176","     322875","         58.54"
"SBILIFE","EQ","14-Feb-2020","        927.55","        932.40","        932.40","        907.00","        912.95","        914.25","        919.18","     402685","           370141988.10","      37168","     268423","         66.66"
"SBILIFE","EQ","17-Feb-2020","        914.25","        915.50","        919.45","        904.00","        914.05","        914.40","        913.46","     355839","           325044891.50","      22896","     243177","         68.34"
"SBILIFE","EQ","18-Feb-2020","        914.40","        915.00","        921.45","        907.10","        916.00","        916.05","        914.70","     901858","           824933677.75","      50832","     667418","         74.00"
"SBILIFE","EQ","19-Feb-2020","        916.05","        918.10","        942.45","        918.10","        936.80","        938.20","        928.54","     786366","           730170943.25","      42631","     584198","         74.29"
"SBILIFE","EQ","20-Feb-2020","        938.20","        939.70","        945.00","        921.70","        928.25","        928.75","        930.86","     784552","           730311298.90","      48494","     553090","         70.50"
"SBILIFE","EQ","24-Feb-2020","        928.75","        923.60","        941.50","        910.00","        921.00","        916.60","        926.97","     493211","           457189657.90","      38343","     326857","         66.27"
"SBILIFE","EQ","25-Feb-2020","        916.60","        923.50","        934.70","        891.75","        894.00","        901.20","        913.90","     760359","           694890677.00","      37519","     510167","         67.10"
"SBILIFE","EQ","26-Feb-2020","        901.20","        893.80","        914.80","        881.50","        890.00","        891.35","        895.23","     807168","           722602248.25","      37382","     484106","         59.98"
"SBILIFE","EQ","27-Feb-2020","        891.35","        890.80","        913.90","        875.00","        909.00","        905.35","        898.25","     821122","           737575397.65","      64038","     477486","         58.15"
"SBILIFE","EQ","28-Feb-2020","        905.35","        886.00","        895.00","        875.00","        886.50","        890.40","        888.03","    1002851","           890561288.50","      47086","     747906","         74.58"
"SBILIFE","EQ","02-Mar-2020","        890.40","        895.15","        909.00","        878.00","        893.90","        894.15","        899.96","     629219","           566274972.25","      44837","     450722","         71.63"
"SBILIFE","EQ","03-Mar-2020","        894.15","        903.05","        914.00","        892.05","        899.90","        899.85","        903.98","     615494","           556394965.35","      45467","     411350","         66.83"
"SBILIFE","EQ","04-Mar-2020","        899.85","        902.90","        912.00","        877.00","        886.15","        885.10","        893.73","     769392","           687628118.40","      87983","     515153","         66.96"
"SBILIFE","EQ","05-Mar-2020","        885.10","        891.35","        901.45","        876.55","        890.00","        884.45","        886.51","    1014502","           899368679.05","      70579","     765766","         75.48"
"SBILIFE","EQ","06-Mar-2020","        884.45","        865.00","        881.50","        848.30","        865.35","        853.95","        866.31","    1436479","          1244432008.30","      50206","     905681","         63.05"
"SBILIFE","EQ","09-Mar-2020","        853.95","        836.20","        861.90","        803.00","        815.35","        825.30","        831.73","    1424660","          1184927849.30","      62517","     999202","         70.14"
"SBILIFE","EQ","11-Mar-2020","        825.30","        819.00","        847.90","        784.15","        800.20","        808.95","        827.52","    1305970","          1080719974.05","      84901","     829486","         63.51"
"SBILIFE","EQ","12-Mar-2020","        808.95","        761.00","        775.70","        700.00","        771.00","        751.70","        741.22","    2111588","          1565148501.25","     105352","    1485243","         70.34"
"SBILIFE","EQ","13-Mar-2020","        751.70","        665.00","        795.00","        625.10","        762.00","        761.95","        753.08","    2077233","          1564320563.10","      91447","    1401974","         67.49"
"SBILIFE","EQ","16-Mar-2020","        761.95","        701.00","        772.85","        661.60","        746.00","        731.55","        735.79","    1588592","          1168871072.65","      87963","     933986","         58.79"
"SBILIFE","EQ","17-Mar-2020","        731.55","        732.00","        768.50","        675.00","        686.65","        687.00","        716.81","    1398543","          1002491369.00","      82853","     769735","         55.04"
"SBILIFE","EQ","18-Mar-2020","        687.00","        695.05","        696.95","        588.15","        599.05","        596.25","        622.50","    2202109","          1370820155.00","      98804","    1614159","         73.30"
"SBILIFE","EQ","19-Mar-2020","        596.25","        565.00","        619.90","        519.40","        607.70","        607.70","        575.01","    2917031","          1677324115.55","     137696","    1831714","         62.79"
"SBILIFE","EQ","20-Mar-2020","        607.70","        627.00","        680.75","        606.00","        610.00","        633.50","        636.73","    2004934","          1276608509.90","      77135","    1300713","         64.88"
"SBILIFE","EQ","23-Mar-2020","        633.50","        569.95","        617.00","        522.20","        549.00","        539.20","        571.23","    1652165","           943769351.35","      58806","    1258983","         76.20"
"SBILIFE","EQ","24-Mar-2020","        539.20","        551.40","        589.95","        535.00","        546.00","        546.25","        567.54","    1108855","           629317676.95","      55557","     679980","         61.32"
"SBILIFE","EQ","25-Mar-2020","        546.25","        530.00","        630.00","        530.00","        587.00","        587.85","        590.63","    1610709","           951339948.00","      73725","     747498","         46.41"
"SBILIFE","EQ","26-Mar-2020","        587.85","        603.50","        665.00","        595.35","        618.00","        618.15","        635.43","    1629673","          1035543823.10","      70307","     667618","         40.97"
"SBILIFE","EQ","27-Mar-2020","        618.15","        636.20","        657.00","        585.00","        606.50","        602.85","        618.26","    1299441","           803398818.95","      57516","     679860","         52.32"
"SBILIFE","EQ","30-Mar-2020","        602.85","        598.90","        634.50","        575.00","        627.00","        622.00","        619.67","    1301706","           806632253.35","      50750","     800324","         61.48"
"SBILIFE","EQ","31-Mar-2020","        622.00","        638.00","        653.70","        624.15","        652.00","        641.00","        639.99","    1087567","           696036970.00","      55126","     628394","         57.78"
"SBILIFE","EQ","01-Apr-2020","        641.00","        641.90","        659.00","        628.00","        639.50","        635.10","        644.55","     971706","           626316076.75","      44115","     544504","         56.04"
"SBILIFE","EQ","03-Apr-2020","        635.10","        648.00","        665.00","        627.30","        646.00","        650.15","        648.50","    1279330","           829644469.15","      73454","     654022","         51.12"
"SBILIFE","EQ","07-Apr-2020","        650.15","        665.00","        748.30","        653.00","        739.00","        735.30","        702.87","    1916865","          1347305690.35","      79023","     963438","         50.26"
"SBILIFE","EQ","08-Apr-2020","        735.30","        741.90","        795.00","        721.00","        742.85","        742.80","        749.95","    1443642","          1082656773.55","      92959","     663488","         45.96"
"SBILIFE","EQ","09-Apr-2020","        742.80","        755.00","        773.95","        735.05","        738.00","        739.45","        751.63","     683532","           513761862.60","      44967","     281525","         41.19"
"SBILIFE","EQ","13-Apr-2020","        739.45","        745.00","        749.95","        700.00","        705.10","        707.75","        717.36","     760455","           545517454.20","      36589","     321792","         42.32"
"SBILIFE","EQ","15-Apr-2020","        707.75","        720.00","        724.95","        695.10","        704.00","        700.90","        706.30","    1232607","           870595149.00","      78105","     659729","         53.52"
"SBILIFE","EQ","16-Apr-2020","        700.90","        690.00","        698.00","        681.10","        684.65","        685.25","        688.22","    1363991","           938727882.00","      77637","     817705","         59.95"
"SBILIFE","EQ","17-Apr-2020","        685.25","        703.55","        721.00","        687.00","        700.25","        702.45","        702.78","    1777651","          1249291743.90","      67795","     969969","         54.56"
"SBILIFE","EQ","20-Apr-2020","        702.45","        703.00","        712.15","        697.00","        700.00","        700.00","        702.73","    1360101","           955777622.70","      52534","     792590","         58.27"
"SBILIFE","EQ","21-Apr-2020","        700.00","        688.00","        691.15","        667.00","        671.10","        671.30","        679.77","     677457","           460512542.15","      59261","     422203","         62.32"
"SBILIFE","EQ","22-Apr-2020","        671.30","        685.90","        709.00","        675.00","        706.80","        704.80","        690.77","     954061","           659038632.90","      41469","     380449","         39.88"
"SBILIFE","EQ","23-Apr-2020","        704.80","        712.00","        732.50","        709.00","        719.00","        717.65","        722.49","    1219244","           880896821.10","      46775","     621032","         50.94"
"SBILIFE","EQ","24-Apr-2020","        717.65","        701.00","        706.85","        676.00","        680.00","        679.15","        688.67","    1016020","           699704802.65","      70074","     570617","         56.16"
"SBILIFE","EQ","27-Apr-2020","        679.15","        694.75","        727.00","        688.15","        717.50","        714.10","        712.84","    3275857","          2335162578.35","     122864","    2198548","         67.11"
"SBILIFE","EQ","28-Apr-2020","        714.10","        724.00","        728.00","        706.55","        721.00","        719.85","        716.46","    1002540","           718279729.60","      34767","     658534","         65.69"
"SBILIFE","EQ","29-Apr-2020","        719.85","        723.00","        723.00","        708.40","        713.90","        713.35","        715.40","     635076","           454333344.90","      38369","     362290","         57.05"
"SBILIFE","EQ","30-Apr-2020","        713.35","        735.20","        741.00","        716.85","        726.00","        726.85","        725.92","    1925414","          1397699109.55","      68926","    1202411","         62.45"
"SBILIFE","EQ","04-May-2020","        726.85","        710.00","        726.00","        675.50","        688.35","        687.65","        705.53","    1418027","          1000455979.20","      57507","     817920","         57.68"
"SBILIFE","EQ","05-May-2020","        687.65","        705.00","        734.70","        698.20","        706.00","        713.55","        719.70","    4312790","          3103934081.10","     131025","    2007128","         46.54"
"SBILIFE","EQ","06-May-2020","        713.55","        716.95","        749.00","        706.00","        733.05","        731.15","        731.04","    3664835","          2679158167.30","     118489","    1279938","         34.92"
"SBILIFE","EQ","07-May-2020","        731.15","        737.00","        742.50","        723.50","        738.00","        735.15","        732.91","    1345672","           986262162.50","      50795","     705775","         52.45"
"SBILIFE","EQ","08-May-2020","        735.15","        742.00","        768.85","        738.50","        760.10","        760.05","        758.09","    2349887","          1781425319.65","     109137","    1040331","         44.27"
"SBILIFE","EQ","11-May-2020","        760.05","        770.95","        770.95","        744.85","        747.00","        750.50","        756.28","    1498957","          1133631179.75","      59663","     748626","         49.94"
"SBILIFE","EQ","12-May-2020","        750.50","        747.00","        755.60","        735.10","        744.65","        744.60","        747.34","    1116023","           834044096.50","      65558","     585393","         52.45"
"SBILIFE","EQ","13-May-2020","        744.60","        765.25","        780.00","        752.95","        757.90","        760.50","        761.66","    1752465","          1334778753.50","      62126","     809226","         46.18"
"SBILIFE","EQ","14-May-2020","        760.50","        756.80","        770.50","        741.10","        747.95","        746.75","        756.58","     987397","           747045829.30","      51522","     397596","         40.27"
"SBILIFE","EQ","15-May-2020","        746.75","        754.45","        754.45","        742.20","        751.60","        751.95","        748.81","    1032406","           773076878.90","      42251","     535860","         51.90"
"SBILIFE","EQ","18-May-2020","        751.95","        750.00","        750.00","        694.45","        701.50","        700.75","        708.57","    1705994","          1208814222.15","      86569","    1076423","         63.10"
"SBILIFE","EQ","19-May-2020","        700.75","        709.00","        720.00","        698.00","        704.50","        702.95","        706.87","    1496673","          1057946668.20","      58306","     917058","         61.27"
"SBILIFE","EQ","20-May-2020","        702.95","        701.00","        717.70","        700.00","        716.90","        715.80","        709.79","    1289104","           914999329.45","      70801","     942972","         73.15"
"SBILIFE","EQ","21-May-2020","        715.80","        717.80","        742.95","        716.05","        735.95","        730.40","        730.48","    1400398","          1022956934.60","      59191","     989040","         70.63"
"SBILIFE","EQ","22-May-2020","        730.40","        732.00","        744.00","        723.50","        734.00","        729.95","        733.55","    1507478","          1105810513.95","      33900","    1049433","         69.62"
"SBILIFE","EQ","26-May-2020","        729.95","        735.00","        756.00","        731.40","        753.90","        754.45","        744.69","    1110990","           827343178.75","      56461","     680302","         61.23"
"SBILIFE","EQ","27-May-2020","        754.45","        752.00","        754.40","        737.20","        740.90","        741.15","        745.17","     682804","           508807545.20","      28495","     401466","         58.80"
"SBILIFE","EQ","28-May-2020","        741.15","        745.00","        754.75","        740.00","        746.85","        748.10","        746.06","    1134155","           846150197.15","      57648","     790562","         69.70"
"SBILIFE","EQ","29-May-2020","        748.10","        747.95","        783.00","        745.40","        766.00","        768.65","        768.40","    7090368","          5448261708.00","     118254","    5193220","         73.24"
"SBILIFE","EQ","01-Jun-2020","        768.65","        776.00","        780.95","        765.90","        772.85","        774.80","        775.54","    1712849","          1328378727.90","      58496","    1027296","         59.98"
"SBILIFE","EQ","02-Jun-2020","        774.80","        783.80","        791.00","        774.30","        778.70","        779.50","        782.35","    1388839","          1086558036.30","      44102","     721755","         51.97"
"SBILIFE","EQ","03-Jun-2020","        779.50","        789.00","        814.80","        784.50","        804.85","        807.10","        801.14","    2163349","          1733154450.75","      62109","     750564","         34.69"
"SBILIFE","EQ","04-Jun-2020","        807.10","        809.75","        820.50","        788.80","        795.80","        794.80","        800.05","    1404467","          1123647079.20","      57707","     575760","         40.99"
"SBILIFE","EQ","05-Jun-2020","        794.80","        798.90","        805.25","        782.90","        798.35","        796.70","        793.08","    1199794","           951534762.40","      45672","     541521","         45.13"
"SBILIFE","EQ","08-Jun-2020","        796.70","        802.00","        808.00","        776.00","        781.00","        779.30","        791.82","    1371775","          1086193273.15","      44777","     793565","         57.85"
"SBILIFE","EQ","09-Jun-2020","        779.30","        782.10","        789.00","        752.50","        753.10","        758.50","        773.34","    1521254","          1176448879.85","      53607","     658808","         43.31"
"SBILIFE","EQ","10-Jun-2020","        758.50","        759.00","        760.00","        739.70","        743.20","        741.70","        746.21","    2283059","          1703647010.75","      74569","    1077296","         47.19"
"SBILIFE","EQ","11-Jun-2020","        741.70","        740.00","        757.60","        735.00","        738.90","        740.90","        747.93","    1314358","           983045668.10","      42458","     554485","         42.19"
"SBILIFE","EQ","12-Jun-2020","        740.90","        730.00","        760.90","        728.75","        750.80","        750.45","        750.01","    4396304","          3297285945.25","      69597","    1602097","         36.44"
"SBILIFE","EQ","15-Jun-2020","        750.45","        747.90","        754.80","        740.65","        745.05","        745.30","        746.39","    3316726","          2475559578.20","      63715","    2185069","         65.88"
"SBILIFE","EQ","16-Jun-2020","        745.30","        751.00","        770.70","        742.40","        769.90","        764.10","        756.37","    1883911","          1424925101.60","      47833","     756806","         40.17"
"SBILIFE","EQ","17-Jun-2020","        764.10","        766.05","        779.50","        764.20","        770.75","        772.05","        773.39","    1936475","          1497640955.30","      56581","     800338","         41.33"
"SBILIFE","EQ","18-Jun-2020","        772.05","        769.40","        786.40","        767.60","        772.20","        771.60","        776.95","     951550","           739307881.05","      40811","     359866","         37.82"
"SBILIFE","EQ","19-Jun-2020","        771.60","        779.00","        780.85","        767.20","        779.00","        775.85","        775.05","    2912093","          2257028218.80","      60720","    1929679","         66.26"
"SBILIFE","EQ","22-Jun-2020","        775.85","        781.10","        790.40","        761.50","        776.90","        777.95","        774.75","    1164278","           902021345.45","      56366","     504033","         43.29"
"SBILIFE","EQ","23-Jun-2020","        777.95","        777.00","        805.30","        777.00","        796.70","        796.65","        794.62","    1506742","          1197285080.50","      72563","     252285","         46.96"
"SBILIFE","EQ","24-Jun-2020","        796.65","        800.65","        810.00","        775.55","        784.00","        780.75","        794.59","    1699063","          1350057873.95","      72402","     849096","         49.97"
"SBILIFE","EQ","25-Jun-2020","        780.75","        778.00","        792.95","        775.10","        790.95","        786.25","        785.16","     735191","           577246023.25","      29276","     295996","         40.26"
"SBILIFE","EQ","26-Jun-2020","        786.25","        791.10","        802.00","        782.00","        786.00","        784.35","        789.67","     986163","           778743684.05","      35800","     574596","         58.27"
"SBILIFE","EQ","29-Jun-2020","        784.35","        780.00","        789.85","        774.30","        787.00","        786.80","        781.29","     597371","           466722075.05","      24214","     330433","         55.31"
"SBILIFE","EQ","30-Jun-2020","        786.80","        789.00","        811.00","        789.00","        808.00","        806.45","        799.52","    2052551","          1641055424.65","      57732","    1108946","         54.03"
"SBILIFE","EQ","01-Jul-2020","        806.45","        814.95","        819.85","        802.00","        803.90","        805.25","        809.81","    1321001","          1069756159.55","      49018","     453082","         34.30"
"SBILIFE","EQ","02-Jul-2020","        805.25","        802.15","        819.35","        802.15","        814.70","        814.05","        813.30","    1075581","           874767069.70","      34404","     501743","         46.65"
"SBILIFE","EQ","03-Jul-2020","        814.05","        821.00","        846.00","        819.35","        842.05","        844.05","        835.85","    2085481","          1743144140.60","      79325","     686974","         32.94"
"SBILIFE","EQ","06-Jul-2020","        844.05","        853.00","        875.00","        851.40","        865.00","        863.50","        864.50","    1836462","          1587624567.50","      59483","     768807","         41.86"
"SBILIFE","EQ","07-Jul-2020","        863.50","        867.00","        874.80","        853.65","        869.00","        868.65","        865.33","    1104403","           955669438.75","      51330","     454131","         41.12"
"SBILIFE","EQ","08-Jul-2020","        868.65","        870.00","        871.90","        846.10","        848.05","        850.75","        854.42","    1688304","          1442513067.20","      69584","    1073344","         63.58"
"SBILIFE","EQ","09-Jul-2020","        850.75","        851.00","        853.90","        835.05","        839.95","        840.25","        841.03","    1180400","           992757282.60","      49564","     790889","         67.00"
"SBILIFE","EQ","10-Jul-2020","        840.25","        850.00","        871.90","        850.00","        859.90","        860.20","        859.84","    2062806","          1773684015.00","      78230","     783695","         37.99"
"SBILIFE","EQ","13-Jul-2020","        860.20","        867.85","        867.85","        848.15","        866.00","        862.95","        856.80","     668675","           572922214.40","      27059","     275914","         41.26"
"SBILIFE","EQ","14-Jul-2020","        862.95","        861.90","        886.50","        856.10","        859.15","        859.75","        871.81","    1535948","          1339058740.05","      46007","     472821","         30.78"
"SBILIFE","EQ","15-Jul-2020","        859.75","        863.00","        870.50","        852.35","        859.55","        855.85","        860.05","     772942","           664766859.10","      25044","     382501","         49.49"
"SBILIFE","EQ","16-Jul-2020","        855.85","        856.05","        869.50","        851.25","        868.10","        865.20","        862.53","     630572","           543885340.35","      30593","     261849","         41.53"
"SBILIFE","EQ","17-Jul-2020","        865.20","        868.15","        881.85","        862.55","        878.00","        875.20","        873.92","    1228862","          1073926972.30","      34024","     403706","         32.85"
"SBILIFE","EQ","20-Jul-2020","        875.20","        879.05","        888.10","        851.00","        856.00","        854.45","        866.37","    1497335","          1297248040.25","      50109","     647603","         43.25"
"SBILIFE","EQ","21-Jul-2020","        854.45","        864.00","        895.95","        844.00","        892.00","        888.35","        872.06","    4650708","          4055675117.00","     119004","    1308399","         28.13"
"SBILIFE","EQ","22-Jul-2020","        888.35","        892.50","        892.75","        856.10","        859.00","        859.20","        866.98","    1757469","          1523693376.90","      63710","     645568","         36.73"
"SBILIFE","EQ","23-Jul-2020","        859.20","        861.80","        880.00","        859.20","        878.25","        877.80","        870.44","     937554","           816087558.25","      28771","     343009","         36.59"
"SBILIFE","EQ","24-Jul-2020","        877.80","        873.90","        877.00","        863.00","        865.50","        867.40","        868.61","     784968","           681834347.30","      22546","     395353","         50.37"
"SBILIFE","EQ","27-Jul-2020","        867.40","        874.90","        882.20","        856.20","        862.55","        867.45","        870.03","    1342667","          1168158709.95","      45289","     548385","         40.84"
"SBILIFE","EQ","28-Jul-2020","        867.45","        865.00","        888.90","        863.35","        882.50","        883.35","        878.62","    1005543","           883493987.30","      37511","     438849","         43.64"
"SBILIFE","EQ","29-Jul-2020","        883.35","        874.55","        890.00","        874.55","        882.00","        881.10","        883.24","     935033","           825856217.40","      27543","     366198","         39.16"
"SBILIFE","EQ","30-Jul-2020","        881.10","        887.85","        916.00","        881.65","        913.45","        913.55","        903.85","    2422599","          2189671319.40","      71967","     930369","         38.40"
"SBILIFE","EQ","31-Jul-2020","        913.55","        921.75","        921.75","        903.60","        912.00","        912.85","        912.95","    1271276","          1160617468.75","      46057","     389089","         30.61"
"SBILIFE","EQ","03-Aug-2020","        912.85","        911.00","        911.00","        872.60","        877.55","        875.10","        884.63","    1291032","          1142085649.60","      50742","     484549","         37.53"
"SBILIFE","EQ","04-Aug-2020","        875.10","        881.10","        882.50","        868.00","        875.45","        875.80","        877.03","     707018","           620075254.95","      31099","     362471","         51.27"
"SBILIFE","EQ","05-Aug-2020","        875.80","        876.80","        880.65","        858.45","        862.00","        860.90","        867.64","    1364745","          1184101068.45","      69334","     728703","         53.39"
"SBILIFE","EQ","06-Aug-2020","        860.90","        868.70","        878.00","        859.45","        876.25","        875.40","        867.95","     907558","           787716496.05","      27246","     450786","         49.67"
"SBILIFE","EQ","07-Aug-2020","        875.40","        879.90","        883.85","        862.15","        869.75","        868.60","        870.67","     827168","           720191621.00","      33017","     376649","         45.53"
"SBILIFE","EQ","10-Aug-2020","        868.60","        880.00","        882.00","        861.80","        866.00","        865.75","        868.86","    1090544","           947533386.15","      62455","     636387","         58.36"
"SBILIFE","EQ","11-Aug-2020","        865.75","        868.00","        878.00","        857.50","        860.60","        860.60","        865.54","     971872","           841190032.40","      40165","     529202","         54.45"
"SBILIFE","EQ","12-Aug-2020","        860.60","        860.60","        868.50","        851.00","        856.00","        856.90","        859.55","    1068002","           917995798.05","      45394","     630629","         59.05"
"SBILIFE","EQ","13-Aug-2020","        856.90","        860.90","        868.00","        855.10","        861.90","        861.50","        863.40","     666359","           575331184.90","      26870","     332305","         49.87"
"SBILIFE","EQ","14-Aug-2020","        861.50","        866.90","        866.90","        828.70","        842.00","        839.30","        845.50","    1897747","          1604539413.20","      63487","     900272","         47.44"
"SBILIFE","EQ","17-Aug-2020","        839.30","        845.00","        847.15","        838.20","        847.05","        842.35","        841.88","    1435985","          1208920843.95","      49806","     997282","         69.45"
"SBILIFE","EQ","18-Aug-2020","        842.35","        845.95","        864.75","        844.60","        860.00","        860.45","        857.72","    1170823","          1004237291.75","      33090","     611213","         52.20"
"SBILIFE","EQ","19-Aug-2020","        860.45","        860.65","        875.60","        860.45","        864.00","        863.65","        869.62","    1332731","          1158971922.65","      32909","     685307","         51.42"
"SBILIFE","EQ","20-Aug-2020","        863.65","        861.00","        864.75","        849.00","        852.65","        852.85","        856.12","     660138","           565158985.70","      43403","     367937","         55.74"
"SBILIFE","EQ","21-Aug-2020","        852.85","        881.05","        889.80","        859.00","        864.40","        861.25","        875.51","    3651529","          3196946132.75","     104290","    1400654","         38.36"
"SBILIFE","EQ","24-Aug-2020","        861.25","        866.80","        869.90","        851.60","        864.05","        860.85","        859.74","     951781","           818279509.00","      42702","     405408","         42.59"
"SBILIFE","EQ","25-Aug-2020","        860.85","        862.35","        865.95","        837.85","        848.00","        847.90","        846.67","    1877997","          1590051005.15","     102436","    1033864","         55.05"
"SBILIFE","EQ","26-Aug-2020","        847.90","        855.00","        855.00","        833.65","        839.00","        839.20","        837.88","    2151697","          1802873998.90","      93237","    1259308","         58.53"
"SBILIFE","EQ","27-Aug-2020","        839.20","        843.95","        845.80","        835.10","        844.00","        841.25","        839.75","     945124","           793665183.90","      27663","     382398","         40.46"
"SBILIFE","EQ","28-Aug-2020","        841.25","        846.00","        858.70","        843.05","        851.40","        851.55","        849.59","    1640203","          1393498971.75","      60832","     987146","         60.18"
"SBILIFE","EQ","31-Aug-2020","        851.55","        855.50","        864.00","        818.55","        828.85","        827.75","        839.01","    2086202","          1750352022.25","      96292","    1160290","         55.62"
"SBILIFE","EQ","01-Sep-2020","        827.75","        825.00","        840.00","        818.05","        838.20","        835.90","        831.96","    1148611","           955595626.90","      43280","     447812","         38.99"
"SBILIFE","EQ","02-Sep-2020","        835.90","        843.00","        865.00","        841.30","        851.60","        850.30","        855.57","    2006969","          1717092611.60","      68573","     910067","         45.35"
"SBILIFE","EQ","03-Sep-2020","        850.30","        853.90","        863.75","        851.00","        851.90","        852.30","        855.32","     888552","           759995528.95","      28363","     461994","         51.99"
"SBILIFE","EQ","04-Sep-2020","        852.30","        842.00","        845.80","        833.00","        837.00","        834.55","        837.84","    1069706","           896246929.95","      36088","     678734","         63.45"
"SBILIFE","EQ","07-Sep-2020","        834.55","        835.50","        842.00","        826.00","        841.00","        838.45","        835.74","     808907","           676034626.55","      29786","     309067","         38.21"
"SBILIFE","EQ","08-Sep-2020","        838.45","        840.95","        850.85","        830.20","        843.00","        845.00","        843.59","    1438741","          1213714571.95","      31969","     850527","         59.12"
"SBILIFE","EQ","09-Sep-2020","        845.00","        837.75","        843.50","        822.00","        829.50","        830.50","        829.30","    1685144","          1397492626.65","      39636","     912611","         54.16"
"SBILIFE","EQ","10-Sep-2020","        830.50","        833.90","        848.00","        833.10","        846.00","        845.20","        842.86","     659109","           555539835.20","      21289","     238967","         36.26"
"SBILIFE","EQ","11-Sep-2020","        845.20","        846.00","        866.90","        843.75","        865.00","        864.40","        858.88","    1559677","          1339569180.10","      63694","     576842","         36.98"
"SBILIFE","EQ","14-Sep-2020","        864.40","        871.00","        876.00","        850.00","        857.00","        857.10","        864.08","    1346301","          1163311535.80","      48030","     466407","         34.64"
"SBILIFE","EQ","15-Sep-2020","        857.10","        861.30","        871.00","        853.05","        865.00","        864.70","        862.94","     725017","           625643727.45","      28844","     254908","         35.16"
"SBILIFE","EQ","16-Sep-2020","        864.70","        865.00","        873.50","        861.30","        866.00","        867.65","        868.48","     823952","           715588820.00","      31904","     367699","         44.63"
"SBILIFE","EQ","17-Sep-2020","        867.65","        858.40","        866.40","        852.55","        855.95","        856.15","        857.54","     612366","           525128949.65","      19446","     282524","         46.14"
"SBILIFE","EQ","18-Sep-2020","        856.15","        856.95","        861.80","        845.05","        850.00","        848.10","        849.11","    1245818","          1057841752.35","      33678","     737493","         59.20"
"SBILIFE","EQ","21-Sep-2020","        848.10","        849.00","        851.80","        835.60","        838.50","        840.10","        842.11","     875668","           737406766.05","      43366","     499617","         57.06"
"SBILIFE","EQ","22-Sep-2020","        840.10","        840.00","        840.00","        801.60","        833.00","        831.85","        823.56","    1265561","          1042270500.10","      41867","     504008","         39.82"
"SBILIFE","EQ","23-Sep-2020","        831.85","        833.35","        841.50","        827.15","        837.00","        833.00","        832.87","     628823","           523728728.45","      22956","     268605","         42.72"
"SBILIFE","EQ","24-Sep-2020","        833.00","        830.60","        832.15","        782.35","        792.70","        804.40","        806.09","   14778958","         11913238330.25","     190733","   11292337","         76.41"
"SBILIFE","EQ","25-Sep-2020","        804.40","        796.00","        813.50","        780.00","        795.45","        797.05","        798.42","    2252162","          1798162064.50","      67374","     768828","         34.14"
"SBILIFE","EQ","28-Sep-2020","        797.05","        803.00","        816.25","        800.00","        815.90","        813.00","        808.86","    1108316","           896470023.40","      28171","     450293","         40.63"
"SBILIFE","EQ","29-Sep-2020","        813.00","        819.00","        831.40","        802.10","        806.10","        809.10","        815.72","    1666688","          1359558105.65","      43216","     629645","         37.78"
"SBILIFE","EQ","30-Sep-2020","        809.10","        809.40","        814.55","        802.40","        808.10","        811.45","        810.17","     701139","           568044089.00","      28799","     259981","         37.08"
"SBILIFE","EQ","01-Oct-2020","        811.45","        817.00","        824.95","        807.65","        819.50","        818.90","        818.91","     941061","           770647663.15","      31111","     310778","         33.02"
"SBILIFE","EQ","05-Oct-2020","        818.90","        822.00","        835.00","        815.00","        826.30","        824.95","        826.82","     803756","           664557907.05","      28200","     303585","         37.77"
"SBILIFE","EQ","06-Oct-2020","        824.95","        826.00","        836.00","        822.25","        830.55","        830.05","        830.06","    1211894","          1005947762.25","      40772","     755193","         62.32"
"SBILIFE","EQ","07-Oct-2020","        830.05","        832.50","        836.00","        825.05","        828.00","        827.95","        828.58","     637358","           528104461.35","      29632","     350264","         54.96"
"SBILIFE","EQ","08-Oct-2020","        827.95","        835.25","        836.00","        818.00","        821.95","        821.05","        822.74","    1313341","          1080532089.25","      52469","     653260","         49.74"
"SBILIFE","EQ","09-Oct-2020","        821.05","        826.15","        827.30","        803.50","        804.00","        805.90","        809.57","    1188895","           962490990.10","      46243","     590208","         49.64"
"SBILIFE","EQ","12-Oct-2020","        805.90","        812.90","        812.90","        787.20","        794.15","        791.65","        794.98","    1097167","           872226966.90","      35985","     567548","         51.73"
"SBILIFE","EQ","13-Oct-2020","        791.65","        790.00","        795.00","        781.00","        786.90","        786.55","        785.49","    1142720","           897590630.15","      50062","     630388","         55.17"
"SBILIFE","EQ","14-Oct-2020","        786.55","        788.00","        813.65","        776.65","        813.35","        810.60","        799.23","    2146423","          1715488992.45","      78791","     750008","         34.94"
